Company Name,Symbol,Industry,Series,Open,High,Low,Previous Close,Last Traded Price,Change,Percentage Change,Share Volume,Value (Indian Rupee),52 Week High,52 Week Low,365 Day Percentage Change,30 Day Percentage Change
Aarti Drugs Ltd.,Aartidrugs,Healthcare,Eq,400.5,401.8,394.1,403.85,400.0,-3.85,-0.95,31782.0,12627306.42,749.75,378.0,-42.92,-5.1
Aditya Birla Capital Ltd.,Abcapital,Financial Services,Eq,89.0,90.6,88.35,89.4,90.25,0.85,0.95,2401323.0,215182554.0,139.2,85.6,-23.75,-11.57
Aditya Birla Fashion And Retail Ltd.,Abfrl,Consumer Services,Eq,235.6,243.5,235.6,237.05,242.2,5.15,2.17,1014277.0,243548193.2,322.0,189.35,9.87,-12.62
Aditya Birla Sun Life Amc Ltd.,Abslamc,Financial Services,Eq,400.05,406.7,400.0,400.05,405.9,5.85,1.46,34489.0,13901826.12,722.9,375.0,-11.06,-5.09
Adani Ports And Special Economic Zone Ltd.,Adaniports,Services,Eq,670.0,680.0,656.0,672.05,678.3,6.25,0.93,3151179.0,2105491761.0,924.65,651.95,-4.5,-9.16
Advanced Enzyme Tech Ltd.,Advenzymes,Fast Moving Consumer Goods,Eq,266.2,268.7,258.4,266.2,264.0,-2.2,-0.83,40076.0,10549606.24,435.95,258.4,-35.78,-7.02
Aegis Logistics Ltd.,Aegischem,Oil Gas & Consumable Fuels,Eq,208.7,212.6,205.15,209.0,211.45,2.45,1.17,247355.0,51731824.7,386.0,167.25,-39.22,-3.95
Affle (India) Ltd.,Affle,Information Technology,Eq,1060.0,1060.3,1004.65,1060.3,1010.0,-50.3,-4.74,241660.0,246983769.8,1511.0,763.02,-11.06,0.78
Ajanta Pharmaceuticals Ltd.,Ajantpharm,Healthcare,Eq,1233.0,1275.05,1229.35,1235.6,1265.9,30.3,2.45,109740.0,137293519.2,2435.0,1186.0,-42.5,-27.87
Allcargo Logistics Ltd.,Allcargo,Services,Eq,259.0,271.5,256.0,262.95,269.0,6.05,2.3,502907.0,133391052.7,412.0,152.5,64.5,-17.76
Alok Industries Ltd.,Alokinds,Textiles,Be,22.3,22.3,21.5,22.0,21.55,-0.45,-2.05,1040692.0,22645457.92,35.8,18.85,-11.06,-6.01
Amara Raja Batteries Ltd.,Amarajabat,Automobile And Auto Components,Eq,459.1,471.7,456.05,458.7,469.5,10.8,2.35,438273.0,202727558.9,781.6,438.05,-38.43,-8.69
Ambuja Cements Ltd.,Ambujacem,Construction Materials,Eq,363.95,368.6,362.1,363.0,367.5,4.5,1.24,2763265.0,1011078664.0,442.5,274.0,6.56,-1.73
Angel One Ltd.,Angelone,Financial Services,Eq,1202.0,1228.0,1185.0,1206.2,1216.05,9.85,0.82,414524.0,499671374.8,2022.0,839.05,-11.06,-18.25
Anupam Rasayan India Ltd.,Anuras,Chemicals,Eq,610.0,626.2,604.6,610.1,620.7,10.6,1.74,37228.0,22843845.36,1107.55,546.75,-19.72,-11.28
Apl Apollo Tubes Ltd.,Aplapollo,Capital Goods,Eq,843.9,855.0,836.0,849.95,845.1,-4.85,-0.57,165325.0,139906281.3,1114.55,718.08,-47.83,-9.31
Alembic Pharmaceuticals Ltd.,Aplltd,Healthcare,Eq,727.75,731.6,717.0,728.25,729.9,1.65,0.23,63552.0,46195948.8,1016.7,678.3,-26.01,-0.51
Apollo Tyres Ltd.,Apollotyre,Automobile And Auto Components,Eq,185.7,190.0,184.3,185.1,188.9,3.8,2.05,1276512.0,238682213.8,250.0,165.25,-17.73,-15.23
Aptus Value Housing Finance India Ltd.,Aptus,Financial Services,Eq,276.5,294.7,274.3,281.8,293.65,11.85,4.21,449163.0,128519009.2,394.9,220.1,-11.06,-1.38
Asahi India Glass Ltd.,Asahiindia,Automobile And Auto Components,Eq,536.8,549.0,530.25,539.6,548.0,8.4,1.56,261012.0,140842075.2,612.9,324.65,60.43,20.85
Aster Dm Healthcare Ltd.,Asterdm,Healthcare,Eq,179.55,179.55,174.3,178.0,176.0,-2.0,-1.12,92393.0,16259320.14,237.0,148.4,15.55,-10.84
Astral Ltd.,Astral,Capital Goods,Eq,1651.0,1664.95,1639.9,1655.5,1657.0,1.5,0.09,125312.0,207061789.4,2524.95,1581.55,-16.79,-4.3
Au Small Finance Bank Ltd.,Aubank,Financial Services,Eq,586.0,587.3,563.3,591.7,580.0,-11.7,-1.98,2741511.0,1574011126.0,732.98,462.5,-42.88,-52.72
Aurobindo Pharma Ltd.,Auropharma,Healthcare,Eq,512.25,524.0,506.5,513.1,522.75,9.65,1.88,831959.0,429032936.7,1013.0,503.45,-46.84,-3.33
Avanti Feeds Ltd.,Avantifeed,Fast Moving Consumer Goods,Eq,432.85,436.5,425.0,432.85,436.0,3.15,0.73,142890.0,61885659.0,674.85,384.2,-20.7,0.87
Bajaj Electricals Ltd,Bajajelec,Consumer Durables,Eq,1021.0,1048.0,1000.2,1023.95,1042.0,18.05,1.76,326410.0,335030488.1,1588.95,858.55,-0.29,3.41
Balrampur Chini Mills Ltd.,Balramchin,Fast Moving Consumer Goods,Eq,360.0,362.5,354.65,359.45,360.7,1.25,0.35,1214196.0,435192130.3,525.9,297.6,1.05,-11.1
Bank Of India,Bankindia,Financial Services,Eq,44.2,45.0,43.9,44.35,44.9,0.55,1.24,1053018.0,46711878.48,80.75,40.4,-43.07,-7.51
Bombay Burmah Trading Corporation Ltd.,Bbtc,Fast Moving Consumer Goods,Eq,891.0,924.0,891.0,903.25,924.0,20.75,2.3,20192.0,18467603.2,1353.15,839.9,-31.75,-9.45
Brightcom Group Ltd.,Bcg,Information Technology,Eq,32.9,32.9,32.9,31.35,32.9,1.55,4.94,821102.0,27014255.8,122.88,10.73,40.27,-51.17
Bharat Dynamics Ltd.,Bdl,Capital Goods,Eq,677.0,679.95,660.05,681.25,668.0,-13.25,-1.94,693286.0,462442560.6,904.9,356.85,90.32,-13.07
Berger Paints India Ltd.,Bergepaint,Consumer Durables,Eq,570.45,583.95,563.75,568.3,583.0,14.7,2.59,1316578.0,757664307.4,872.95,543.6,-29.41,-7.58
Bharat Forge Ltd.,Bharatforg,Capital Goods,Eq,645.15,649.35,635.0,651.8,643.0,-8.8,-1.35,650298.0,418492774.9,847.95,595.0,-14.45,-7.53
Biocon Ltd.,Biocon,Healthcare,Eq,308.75,312.0,305.0,308.4,311.3,2.9,0.94,1136834.0,351054339.2,414.4,305.0,-23.75,-7.69
Birla Corporation Ltd.,Birlacorpn,Construction Materials,Eq,874.9,877.1,826.0,870.95,839.9,-31.05,-3.57,120235.0,101789748.7,1650.0,823.0,-28.19,-10.63
Blue Star Ltd.,Bluestarco,Consumer Durables,Eq,892.1,903.75,885.35,903.75,890.9,-12.85,-1.42,42446.0,38077882.14,1225.0,758.0,10.75,-11.78
Borosil Renewables Ltd.,Bororenew,Capital Goods,Eq,603.0,614.8,595.2,601.7,607.7,6.0,1.0,469179.0,284435077.0,833.35,261.2,-11.06,-8.39
Brigade Enterprises Ltd.,Brigade,Realty,Eq,439.0,447.45,436.05,444.4,443.5,-0.9,-0.2,140806.0,62332000.08,554.7,268.7,58.88,-4.36
Bse Ltd.,Bse,Financial Services,Eq,594.95,604.95,586.45,596.9,600.15,3.25,0.54,778640.0,463088353.6,1046.67,296.33,-33.71,-21.03
Birlasoft Ltd.,Bsoft,Information Technology,Eq,353.7,357.1,343.55,353.25,352.1,-1.15,-0.33,1752456.0,612360700.1,585.85,316.45,-11.6,-4.68
Can Fin Homes Ltd.,Canfinhome,Financial Services,Eq,427.85,443.4,424.7,426.35,441.45,15.1,3.54,663285.0,290260148.9,722.0,406.65,-18.57,-11.86
Caplin Point Laboratories Ltd.,Caplipoint,Healthcare,Eq,704.0,714.15,704.0,710.4,711.25,0.85,0.12,26432.0,18764605.44,1034.8,626.0,6.49,-4.28
Carborundum Universal Ltd.,Carboruniv,Capital Goods,Eq,715.0,721.55,698.35,716.9,710.0,-6.9,-0.96,117136.0,82768297.6,1035.0,590.55,18.25,-0.5
Castrol India Ltd.,Castrolind,Oil Gas & Consumable Fuels,Eq,103.3,104.15,102.75,103.3,104.0,0.7,0.68,228227.0,23644317.2,150.0,99.05,-27.81,-4.97
Ccl Products (I) Ltd.,Ccl,Fast Moving Consumer Goods,Eq,380.0,385.15,375.25,383.45,382.3,-1.15,-0.3,132875.0,50844618.75,514.95,310.0,6.03,8.29
Central Depository Services (India) Ltd.,Cdsl,Financial Services,Eq,1111.4,1117.7,1096.0,1114.4,1105.0,-9.4,-0.84,208635.0,230664769.7,1734.4,974.0,13.88,-11.38
Ceat Ltd.,Ceatltd,Automobile And Auto Components,Eq,933.0,949.0,917.75,929.2,935.55,6.35,0.68,29484.0,27602036.28,1477.75,890.0,-31.66,-8.36
Central Bank Of India,Centralbk,Financial Services,Eq,16.9,17.0,16.25,16.9,16.8,-0.1,-0.59,891053.0,14978600.93,29.65,16.25,-39.86,-10.58
Century Plyboards (India) Ltd.,Centuryply,Consumer Durables,Eq,526.0,526.35,511.05,525.7,512.1,-13.6,-2.59,35943.0,18514598.73,749.0,341.8,29.95,-8.41
Century Textile & Industries Ltd.,Centurytex,Forest Materials,Eq,808.0,817.95,797.0,805.7,806.5,0.8,0.1,156605.0,126723200.0,1024.0,607.7,30.97,0.98
Cesc Ltd.,Cesc,Power,Eq,70.95,71.9,70.5,71.2,70.75,-0.45,-0.63,565200.0,40174416.0,102.45,7.23,-90.75,-8.72
Capri Global Capital Ltd.,Cgcl,Financial Services,Eq,685.55,689.15,681.05,687.4,681.15,-6.25,-0.91,16875.0,11555156.25,805.0,436.85,29.13,2.38
Cg Power And Industrial Solutions Ltd.,Cgpower,Capital Goods,Eq,192.0,196.25,188.6,191.65,189.65,-2.0,-1.04,928649.0,178430618.9,219.65,71.7,-11.06,5.33
Chalet Hotels Ltd.,Chalet,Consumer Services,Eq,314.8,331.8,310.05,314.65,327.15,12.5,3.97,866335.0,280848480.3,332.7,159.05,77.57,5.92
Chambal Fertilizers & Chemicals Ltd.,Chamblfert,Chemicals,Eq,267.7,272.4,260.8,266.15,271.3,5.15,1.93,1548368.0,412593621.0,516.0,260.8,-13.19,-26.76
Chemplast Sanmar Ltd.,Chemplasts,Chemicals,Eq,469.8,479.0,460.8,470.15,476.25,6.1,1.3,98313.0,46324102.47,826.0,382.7,-11.06,-2.52
Cholamandalam Investment And Finance Company Ltd.,Cholafin,Financial Services,Eq,616.2,643.15,616.05,619.5,637.95,18.45,2.98,1694794.0,1067737168.0,768.0,469.25,20.7,-8.84
Cholamandalam Financial Holdings Ltd.,Cholahldng,Financial Services,Eq,590.25,610.5,586.9,593.2,602.05,8.85,1.49,17853.0,10648243.32,762.3,564.05,-10.42,-4.58
Cipla Ltd.,Cipla,Healthcare,Eq,911.2,956.05,911.2,917.2,948.0,30.8,3.36,1793834.0,1677593557.0,1083.0,850.0,-5.63,-7.63
Clean Science And Technology Ltd.,Clean,Chemicals,Eq,1486.95,1490.0,1456.0,1490.05,1458.0,-32.05,-2.15,77405.0,113280669.4,2705.0,1422.1,-11.06,-14.79
Cochin Shipyard Ltd.,Cochinship,Capital Goods,Eq,310.9,313.0,307.15,311.7,312.85,1.15,0.37,34795.0,10809066.75,402.6,280.75,-19.08,-3.53
Colgate Palmolive (India) Ltd.,Colpal,Fast Moving Consumer Goods,Eq,1488.8,1520.0,1484.35,1486.85,1515.1,28.25,1.9,437561.0,661491593.0,1823.4,1375.6,-11.8,-8.63
Container Corporation Of India Ltd.,Concor,Services,Eq,596.4,605.0,585.05,594.3,603.15,8.85,1.49,1065738.0,634167396.9,754.4,554.0,-14.9,-8.63
Coromandel International Ltd.,Coromandel,Chemicals,Eq,953.0,969.5,932.75,953.15,968.05,14.9,1.56,366177.0,349230328.4,983.95,709.35,5.8,0.87
Creditaccess Grameen Ltd.,Creditacc,Financial Services,Eq,1012.95,1025.0,995.15,1015.8,1021.9,6.1,0.6,159386.0,160874665.2,1154.0,494.7,35.44,-5.2
Crompton Greaves Consumer Electricals Ltd.,Crompton,Consumer Durables,Eq,339.95,351.1,337.1,340.15,349.8,9.65,2.84,517467.0,179317839.5,512.8,312.0,-21.73,-5.89
Csb Bank Ltd.,Csbbank,Financial Services,Eq,194.5,195.0,190.0,193.1,191.6,-1.5,-0.78,198621.0,38345770.26,374.0,178.0,-44.38,2.2
City Union Bank Ltd.,Cub,Financial Services,Eq,133.0,137.0,130.95,133.05,134.55,1.5,1.13,1461281.0,195154077.6,183.95,109.0,-20.14,-5.03
Cummins India Ltd.,Cumminsind,Capital Goods,Eq,1016.0,1030.2,1014.0,1024.2,1030.0,5.8,0.57,149758.0,153313254.9,1162.0,821.6,13.86,-0.17
Cyient Ltd.,Cyient,Information Technology,Eq,760.45,766.35,749.1,756.65,756.85,0.2,0.03,196910.0,149269594.6,1292.0,720.0,-11.98,-3.41
Dabur India Ltd.,Dabur,Fast Moving Consumer Goods,Eq,492.05,512.7,492.05,495.95,511.3,15.35,3.1,1704654.0,861071875.0,658.95,482.25,-12.8,-4.44
Dalmia Bharat Ltd.,Dalbharat,Construction Materials,Eq,1280.0,1337.8,1272.5,1283.65,1326.0,42.35,3.3,197336.0,259368571.6,2548.4,1212.5,-32.12,-5.79
Dilip Buildcon Ltd.,Dbl,Construction,Eq,190.0,190.75,187.45,190.4,189.75,-0.65,-0.34,231621.0,43871333.61,749.8,187.45,-66.8,-16.47
Dcm Shriram Ltd.,Dcmshriram,Diversified,Eq,941.5,954.35,936.1,944.45,947.8,3.35,0.35,26354.0,24980693.06,1263.85,855.0,3.56,-4.8
Devyani International Ltd.,Devyani,Consumer Services,Eq,156.35,159.7,152.7,155.35,158.0,2.65,1.71,1367282.0,214950403.2,198.9,107.55,-11.06,-8.89
Easy Trip Planners Ltd.,Easemytrip,Consumer Services,Eq,392.2,402.9,390.4,391.4,400.95,9.55,2.44,1105653.0,441277168.8,717.65,261.0,-0.66,2.78
Edelweiss Financial Services Ltd.,Edelweiss,Financial Services,Eq,52.05,52.5,50.85,51.55,51.85,0.3,0.58,613698.0,31666816.8,100.9,49.4,-28.75,-5.76
E.I.D. Parry (India) Ltd.,Eidparry,Fast Moving Consumer Goods,Eq,525.5,532.55,513.0,530.6,529.0,-1.6,-0.3,228073.0,119282179.0,576.0,377.3,24.42,-4.51
Eih Ltd.,Eihotel,Consumer Services,Eq,124.4,127.95,124.2,124.9,126.9,2.0,1.6,162116.0,20512537.48,171.75,100.0,11.57,-7.58
Elgi Equipments Ltd.,Elgiequip,Capital Goods,Eq,351.5,362.4,344.35,358.5,347.0,-11.5,-3.21,204302.0,71922476.08,422.3,191.3,73.27,4.11
Emami Ltd.,Emamiltd,Fast Moving Consumer Goods,Eq,417.2,429.6,415.35,420.25,424.95,4.7,1.12,102892.0,43498621.92,621.8,393.4,-25.0,0.94
Endurance Technologies Ltd.,Endurance,Automobile And Auto Components,Eq,1418.8,1419.0,1396.85,1411.7,1410.0,-1.7,-0.12,140419.0,197643955.1,1989.0,1047.2,-13.14,7.94
Engineers India Ltd.,Enginersin,Construction,Eq,57.0,58.95,56.6,57.0,58.8,1.8,3.16,751759.0,43752373.8,82.5,56.0,-28.39,-8.51
Epl Ltd.,Epl,Capital Goods,Eq,150.1,159.95,149.3,149.15,156.5,7.35,4.93,220028.0,34181349.8,291.0,147.15,-46.73,-9.19
Equitas Holdings Ltd.,Equitas,Financial Services,Eq,82.4,83.0,81.5,82.0,82.55,0.55,0.67,198014.0,16282691.22,145.0,75.0,-12.77,-12.11
Equitas Small Finance Bank Ltd.,Equitasbnk,Financial Services,Eq,39.4,39.5,38.8,39.45,39.5,0.05,0.13,160741.0,6302654.61,76.8,37.45,-33.08,-2.95
Eris Lifesciences Ltd.,Eris,Healthcare,Eq,670.55,670.55,648.45,667.2,651.0,-16.2,-2.43,8326.0,5464104.02,863.0,600.3,-5.7,-0.09
Escorts Kubota Ltd.,Escorts,Capital Goods,Eq,1449.95,1471.7,1424.55,1444.8,1467.2,22.4,1.55,489734.0,708072109.2,1934.0,1128.0,18.42,-11.36
Exide Industries Ltd.,Exideind,Automobile And Auto Components,Eq,137.5,141.95,136.8,137.8,141.95,4.15,3.01,854228.0,119053756.4,204.9,130.25,-24.43,-5.91
Fertilisers And Chemicals Travancore Ltd.,Fact,Chemicals,Eq,96.4,96.4,93.4,96.4,95.0,-1.4,-1.45,227181.0,21543574.23,159.9,82.35,-30.17,-22.51
Fdc Ltd.,Fdc,Healthcare,Eq,239.8,255.0,233.45,238.65,248.0,9.35,3.92,40209.0,9696400.35,388.7,225.0,-32.58,-3.01
Finolex Cables Ltd.,Fincables,Capital Goods,Eq,374.0,381.95,371.35,376.3,376.3,0.75,0.455,49522.0,18673755.76,608.6,343.5,-27.61,1.51
Finolex Industries Ltd.,Finpipe,Capital Goods,Eq,135.8,137.5,134.1,136.2,137.2,1.0,0.73,118082.0,16022546.58,244.5,125.0,-25.96,-13.25
Fortis Healthcare Ltd.,Fortis,Healthcare,Eq,236.65,238.0,232.3,240.0,235.5,-4.5,-1.88,536057.0,125769693.3,313.45,219.75,-1.4,0.82
Firstsource Solutions Ltd.,Fsl,Information Technology,Eq,102.5,104.3,101.35,102.9,103.7,0.8,0.78,1265235.0,130116767.4,242.85,93.0,-44.96,-7.34
Gujarat Ambuja Exports Ltd.,Gael,Fast Moving Consumer Goods,Eq,280.0,282.6,268.05,282.7,273.15,-9.55,-3.38,245672.0,67483641.68,394.15,150.05,62.85,-15.99
Great Eastern Shipping Co. Ltd.,Geship,Services,Eq,395.75,398.9,385.0,395.6,390.25,-5.35,-1.35,120133.0,46909533.84,445.0,265.0,1.74,-0.39
General Insurance Corporation Of India,Gicre,Financial Services,Eq,114.1,116.4,114.1,115.2,115.95,0.75,0.65,90066.0,10390013.76,211.5,105.0,-44.75,-3.6
Glaxosmithkline Pharmaceuticals Ltd.,Glaxo,Healthcare,Eq,1505.0,1527.0,1499.0,1499.6,1499.0,-0.6,-0.04,54631.0,82318537.11,1918.75,1450.0,-0.17,-0.8
Glenmark Pharmaceuticals Ltd.,Glenmark,Healthcare,Eq,385.2,395.0,382.0,386.35,395.0,8.65,2.24,398227.0,155165168.3,690.95,348.5,-40.79,-1.83
Glenmark Life Sciences Ltd.,Gls,Healthcare,Eq,441.0,444.5,440.0,444.3,441.8,-2.5,-0.56,15000.0,6619500.0,799.0,410.0,-11.06,4.96
Gmr Infrastructure Ltd.,Gmrinfra,Services,Eq,34.0,34.75,33.6,34.1,34.5,0.4,1.17,4338629.0,148337725.5,49.15,27.35,7.23,-10.26
Gujarat Narmada Valley Fertilizers And Chemicals Ltd.,Gnfc,Chemicals,Eq,566.0,582.0,563.25,571.8,580.5,8.7,1.52,1199375.0,687769600.0,912.0,314.1,51.59,-14.11
Go Fashion (India) Ltd.,Gocolors,Consumer Services,Eq,990.0,999.5,980.0,993.45,988.5,-4.95,-0.5,6325.0,6258208.0,1339.9,847.3,-11.06,0.84
Godfrey Phillips India Ltd.,Godfryphlp,Fast Moving Consumer Goods,Eq,1089.0,1089.0,1042.65,1059.15,1061.35,2.2,0.21,12787.0,13588233.42,1408.75,933.0,7.91,-8.16
Godrej Agrovet Ltd.,Godrejagro,Fast Moving Consumer Goods,Eq,503.85,507.65,500.6,506.95,502.0,-4.95,-0.98,22224.0,11190895.2,746.8,441.0,-20.06,-5.71
Godrej Consumer Products Ltd.,Godrejcp,Fast Moving Consumer Goods,Eq,757.05,785.0,750.55,757.55,782.95,25.4,3.35,743399.0,571740736.9,1138.0,660.05,-12.95,-1.23
Godrej Industries Ltd.,Godrejind,Fast Moving Consumer Goods,Eq,433.85,435.65,424.0,433.85,426.0,-7.85,-1.81,59044.0,25182856.44,662.0,405.0,-24.07,-9.29
Godrej Properties Ltd.,Godrejprop,Realty,Eq,1167.0,1233.45,1167.0,1182.95,1226.0,43.05,3.64,776473.0,937738677.4,2598.0,1129.55,-15.37,-15.47
Gujarat Pipavav Port Ltd.,Gppl,Services,Eq,75.95,78.5,74.5,77.1,78.25,1.15,1.49,679600.0,51744744.0,119.0,70.3,-31.62,-3.99
Granules India Ltd.,Granules,Healthcare,Eq,272.1,279.75,268.9,272.25,278.2,5.95,2.19,879548.0,242684884.2,404.8,226.95,-18.14,0.85
Graphite India Ltd.,Graphite,Capital Goods,Eq,391.0,393.1,383.2,393.05,388.75,-4.3,-1.09,176151.0,68404717.83,754.0,350.0,-38.33,-11.49
Grasim Industries Ltd.,Grasim,Construction Materials,Eq,1320.0,1350.0,1305.3,1320.75,1345.7,24.95,1.89,516506.0,686565600.5,1929.8,1276.6,-11.88,-7.55
Grindwell Norton Ltd.,Grindwell,Capital Goods,Eq,1676.6,1703.05,1645.15,1683.05,1680.0,-3.05,-0.18,15338.0,25625196.6,2018.35,1161.0,35.52,-1.81
G R Infraprojects Ltd.,Grinfra,Construction,Eq,1105.55,1105.55,1080.3,1100.55,1093.0,-7.55,-0.69,6544.0,7140616.48,2267.65,1078.85,-11.06,-22.37
Gujarat State Fertilizers & Chemicals Ltd.,Gsfc,Chemicals,Eq,131.3,131.8,127.1,132.0,130.6,-1.4,-1.06,1507206.0,194535078.4,198.8,98.1,14.09,-20.82
Gujarat State Petronet Ltd.,Gspl,Oil Gas & Consumable Fuels,Eq,220.4,221.95,215.55,217.9,217.95,0.05,0.02,882222.0,192994884.7,379.2,209.45,-34.64,-14.38
Gujarat Alkalies & Chemicals Ltd.,Gujalkali,Chemicals,Eq,683.3,692.95,664.4,689.35,689.0,-0.35,-0.05,215330.0,146672029.5,1044.7,401.0,71.35,-14.21
Gujarat Gas Ltd.,Gujgasltd,Oil Gas & Consumable Fuels,Eq,419.0,425.95,416.7,418.85,423.0,4.15,0.99,1078048.0,455033280.3,786.0,403.55,-36.61,-25.11
Happiest Minds Technologies Ltd.,Happstmnds,Information Technology,Eq,826.4,826.4,813.0,828.95,816.8,-12.15,-1.47,227373.0,186004756.4,1580.0,785.6,-17.44,-8.41
Hathway Cable & Datacom Ltd.,Hathway,Media Entertainment & Publication,Eq,16.3,16.45,16.1,16.25,16.35,0.1,0.62,670321.0,10886013.04,28.7,14.35,-37.26,-10.22
Hatsun Agro Product Ltd.,Hatsun,Fast Moving Consumer Goods,Eq,874.7,886.25,869.75,881.15,875.0,-6.15,-0.7,88204.0,77170561.64,1525.95,837.6,-1.4,-4.76
Havells India Ltd.,Havells,Consumer Durables,Eq,1099.85,1120.0,1092.25,1098.2,1111.65,13.45,1.22,1848135.0,2049858935.0,1504.45,978.0,12.04,-8.62
Hcl Technologies Ltd.,Hcltech,Information Technology,Eq,964.5,981.45,964.2,973.25,979.05,5.8,0.6,2827579.0,2746681965.0,1377.75,944.05,-1.04,-6.49
Hdfc Life Insurance Company Ltd.,Hdfclife,Financial Services,Eq,549.95,567.3,540.55,550.0,567.0,17.0,3.09,2052291.0,1143741774.0,775.65,497.05,-19.86,-8.17
H.E.G. Ltd.,Heg,Capital Goods,Eq,995.8,998.95,963.3,997.85,984.9,-12.95,-1.3,69104.0,67787568.8,2629.0,890.8,-54.45,-11.08
Hemisphere Properties India Ltd.,Hemiprop,Realty,Eq,105.85,106.0,102.75,105.3,105.0,-0.3,-0.28,462015.0,48266707.05,165.9,95.0,-23.67,2.43
Hfcl Ltd.,Hfcl,Telecommunication,Eq,55.15,55.7,54.25,55.15,54.95,-0.2,-0.36,2275417.0,124943147.5,101.35,51.55,-18.3,-12.39
Hinduja Global Solutions Ltd.,Hgs,Services,Eq,1075.0,1080.55,1050.05,1067.1,1074.1,7.0,0.66,180181.0,193514394.0,3920.0,846.0,-11.06,11.13
Hikal Ltd.,Hikal,Healthcare,Eq,239.85,243.6,234.15,239.0,238.95,-0.05,-0.02,386423.0,92262355.48,742.0,212.0,-51.31,-27.67
Hindustan Copper Ltd.,Hindcopper,Metals & Mining,Eq,86.1,88.75,85.65,87.1,88.3,1.2,1.38,2962596.0,258130989.5,159.4,81.2,-39.56,-17.13
Hindustan Zinc Ltd.,Hindzinc,Metals & Mining,Eq,246.0,249.0,245.35,249.35,247.75,-1.6,-0.64,310474.0,76659135.34,408.6,245.1,-26.51,-17.15
Home First Finance Company India Ltd.,Homefirst,Financial Services,Eq,746.95,748.0,726.05,743.7,733.95,-9.75,-1.31,37017.0,27411828.84,921.3,525.05,37.4,-4.41
Housing & Urban Development Corporation Ltd.,Hudco,Financial Services,Eq,34.8,35.0,34.6,34.8,34.85,0.05,0.14,544695.0,18949939.05,56.15,30.6,-34.4,-3.2
Icici Lombard General Insurance Company Ltd.,Icicigi,Financial Services,Eq,1120.0,1150.0,1105.85,1120.95,1144.0,23.05,2.06,228217.0,258033551.1,1675.0,1071.0,-28.47,-11.45
Icici Prudential Life Insurance Company Ltd.,Icicipruli,Financial Services,Eq,489.0,502.45,484.2,489.0,501.75,12.75,2.61,757837.0,374288115.9,724.3,430.0,-20.19,-6.25
Indo Count Industries Ltd.,Icil,Textiles,Eq,131.25,138.0,130.4,131.05,136.5,5.45,4.16,387980.0,52474295.0,315.0,119.55,-22.98,-12.05
Idbi Bank Ltd.,Idbi,Financial Services,Eq,30.9,31.0,30.6,30.8,30.85,0.05,0.16,3091913.0,95076324.75,65.25,30.5,-18.73,-15.96
Ifb Industries Ltd.,Ifbind,Consumer Durables,Eq,903.0,903.0,885.8,899.6,894.9,-4.7,-0.52,6449.0,5766953.76,1365.85,800.0,-11.98,3.77
Indraprastha Gas Ltd.,Igl,Oil Gas & Consumable Fuels,Eq,357.15,361.9,352.6,355.9,359.95,4.05,1.14,1103024.0,394121505.4,602.05,321.0,-36.19,-5.9
Iifl Finance Ltd.,Iifl,Financial Services,Eq,323.5,335.0,317.15,323.75,333.5,9.75,3.01,526247.0,172893189.4,396.0,242.9,-11.06,0.76
Iifl Wealth Management Ltd.,Iiflwam,Financial Services,Eq,1488.5,1550.0,1458.95,1481.05,1543.0,61.95,4.18,191551.0,288908711.3,1908.3,1122.35,27.2,-5.45
Indian Hotels Co. Ltd.,Indhotel,Consumer Services,Eq,222.1,228.1,220.4,225.15,226.3,1.15,0.51,3902317.0,873104405.6,268.95,129.17,59.17,-4.19
India Cements Ltd.,Indiacem,Construction Materials,Eq,156.5,161.8,154.65,156.5,160.55,4.05,2.59,2206090.0,350724188.2,259.95,145.45,-18.47,-7.45
Indian Bank,Indianb,Financial Services,Eq,148.35,150.75,146.65,149.85,149.65,-0.2,-0.13,746419.0,110776043.8,194.95,115.1,3.56,-11.57
Interglobe Aviation Ltd.,Indigo,Services,Eq,1610.55,1667.0,1591.6,1606.2,1651.8,45.6,2.84,692564.0,1130735392.0,2380.0,1511.75,-6.45,-12.64
Indigo Paints Ltd.,Indigopnts,Consumer Durables,Eq,1404.5,1405.0,1372.7,1395.65,1388.0,-7.65,-0.55,12205.0,16919913.55,2709.0,1353.6,-44.45,-12.79
Indoco Remedies Ltd.,Indoco,Healthcare,Eq,368.25,372.95,365.65,367.05,370.0,2.95,0.8,21554.0,7949977.36,530.25,322.7,-11.06,3.94
Indusind Bank Ltd.,Indusindbk,Financial Services,Eq,793.0,810.0,783.0,794.35,808.0,13.65,1.72,2796110.0,2241976920.0,1242.0,763.2,-21.84,-14.66
Indus Towers Ltd.,Industower,Telecommunication,Eq,210.0,210.9,204.5,209.1,208.35,-0.75,-0.36,2187045.0,453177594.5,332.8,181.2,-12.38,3.62
Infibeam Avenues Ltd.,Infibeam,Information Technology,Eq,13.9,14.1,13.4,14.1,13.6,-0.5,-3.55,2029884.0,27667318.92,28.05,12.5,-72.81,-4.41
Inox Leisure Ltd.,Inoxleisur,Media Entertainment & Publication,Eq,509.1,525.0,503.0,508.45,523.2,14.75,2.9,441730.0,226943204.8,563.6,291.0,64.71,0.98
Intellect Design Arena Ltd.,Intellect,Information Technology,Eq,635.6,659.0,623.35,633.35,658.95,25.6,4.04,329488.0,211271000.5,986.65,562.65,-12.51,-5.89
Indian Overseas Bank,Iob,Financial Services,Eq,16.45,16.8,16.1,16.45,16.6,0.15,0.91,718064.0,11840875.36,29.0,15.25,-41.35,-10.11
Ipca Laboratories Ltd.,Ipcalab,Healthcare,Eq,890.25,914.25,890.25,897.5,912.0,14.5,1.62,154987.0,140412022.5,1383.1,831.05,-55.71,-0.57
Irb Infrastructure Developers Ltd.,Irb,Construction,Eq,203.0,205.9,198.0,202.25,204.0,1.75,0.87,636428.0,128240242.0,345.85,148.05,25.31,-8.42
Ircon International Ltd.,Ircon,Construction,Eq,35.95,36.2,35.8,36.05,36.15,0.1,0.28,190000.0,6838100.0,53.4,34.8,-26.13,-9.99
Indian Railway Catering And Tourism Corporation Ltd.,Irctc,Consumer Services,Eq,576.2,585.8,575.7,576.2,578.3,2.1,0.36,1928361.0,1117909439.0,1279.26,404.29,-71.67,-16.81
Indian Railway Finance Corporation Ltd.,Irfc,Financial Services,Eq,19.7,20.05,19.6,19.65,20.0,0.35,1.78,2510750.0,49687742.5,26.4,19.3,-20.93,-7.31
Icici Securities Ltd.,Isec,Financial Services,Eq,427.1,429.6,412.0,428.9,413.5,-15.4,-3.59,570584.0,237003476.1,896.05,408.4,-33.08,-4.05
Iti Ltd.,Iti,Telecommunication,Eq,100.65,103.0,97.15,100.65,98.8,-1.85,-1.84,1243276.0,124091377.6,143.8,81.0,-23.43,9.58
J.B. Chemicals & Pharmaceuticals Ltd.,Jbchepharm,Healthcare,Eq,1578.0,1587.0,1558.9,1572.65,1563.0,-9.65,-0.61,15467.0,24327425.62,1985.0,1342.2,-5.56,-3.26
Jindal Steel & Power Ltd.,Jindalstel,Metals & Mining,Eq,326.2,334.6,322.05,329.25,333.0,3.75,1.14,4320099.0,1419973340.0,577.8,304.2,-17.16,-12.86
Jk Lakshmi Cement Ltd.,Jklakshmi,Construction Materials,Eq,416.05,423.45,412.0,420.25,416.95,-3.3,-0.79,92645.0,38667243.65,816.0,366.25,-27.22,-5.34
Jk Paper Ltd.,Jkpaper,Forest Materials,Eq,298.0,309.75,297.05,295.7,303.25,7.55,2.55,2270069.0,691690024.3,387.4,191.25,39.55,-12.06
Jm Financial Ltd.,Jmfinancil,Financial Services,Eq,61.5,61.5,59.5,60.95,59.65,-1.3,-2.13,368055.0,22193716.5,117.7,57.1,-31.13,-7.02
Jindal Stainless Ltd.,Jsl,Metals & Mining,Eq,100.0,100.6,97.35,99.8,99.8,0.75,0.455,492895.0,48845894.5,224.4,95.05,-8.98,-10.89
Jsw Energy Ltd.,Jswenergy,Power,Eq,204.3,207.75,199.0,207.95,205.3,-2.65,-1.27,662114.0,134740199.0,408.0,161.4,23.96,-24.83
Jsw Steel Ltd.,Jswsteel,Metals & Mining,Eq,556.55,580.5,556.55,564.5,577.5,13.0,2.3,3737790.0,2128073359.0,790.0,520.05,-17.46,2.4
Jubilant Ingrevia Ltd.,Jublingrea,Chemicals,Eq,485.5,490.85,473.05,485.85,476.0,-9.85,-2.03,163007.0,78083613.14,838.75,401.2,-7.18,-4.0
Jubilant Pharmova Ltd.,Jublpharma,Healthcare,Eq,348.8,349.0,281.8,343.7,340.0,-3.7,-1.08,71858.0,23945959.92,767.0,281.8,-53.06,-10.55
Justdial Ltd.,Justdial,Consumer Services,Eq,560.0,569.1,551.05,565.25,558.0,-7.25,-1.28,194406.0,108597135.7,1138.0,520.0,-41.18,-14.55
Jyothy Labs Ltd.,Jyothylab,Fast Moving Consumer Goods,Eq,148.35,152.5,147.5,149.65,150.0,2.85,1.94,771549.0,115686057.1,187.3,130.15,-3.33,0.44
Kajaria Ceramics Ltd.,Kajariacer,Consumer Durables,Eq,947.7,965.0,937.2,947.7,952.0,4.3,0.45,72125.0,68652902.5,1374.9,885.3,-3.29,-8.24
Kalpataru Power Transmission Ltd.,Kalpatpowr,Construction,Eq,354.0,358.75,353.15,356.7,354.85,-1.85,-0.52,17142.0,6076667.58,496.0,331.8,-16.23,-1.07
Kalyan Jewellers India Ltd.,Kalyankjil,Consumer Durables,Eq,58.5,61.8,58.05,59.9,61.3,1.4,2.34,501257.0,30220784.53,83.6,55.05,-23.45,-0.42
Kansai Nerolac Paints Ltd.,Kansainer,Consumer Durables,Eq,372.35,375.0,368.3,370.5,370.05,-0.45,-0.12,269671.0,99896925.24,675.0,358.15,-35.59,-7.42
Karur Vysya Bank Ltd.,Karurvysya,Financial Services,Eq,44.95,44.95,43.7,44.95,44.25,-0.7,-1.56,1017461.0,45022649.25,60.7,38.4,-13.06,-6.01
Kec International Ltd.,Kec,Capital Goods,Eq,393.15,393.15,384.1,391.25,386.1,-5.15,-1.32,149531.0,57938776.57,550.0,345.5,-13.59,-1.22
Kei Industries Ltd.,Kei,Capital Goods,Eq,1152.55,1208.0,1152.5,1152.55,1200.0,47.45,4.12,340326.0,406628311.3,1377.35,687.5,66.21,-6.77
Krishna Institute Of Medical Sciences Ltd.,Kims,Healthcare,Eq,1182.0,1233.45,1167.0,1184.55,1210.0,25.45,2.15,44951.0,54397452.65,1565.0,937.55,25.08,-9.68
Knr Constructions Ltd.,Knrcon,Construction,Eq,230.5,236.15,228.75,233.05,235.7,2.65,1.14,58500.0,13689585.0,343.9,207.5,-2.31,-10.37
Kotak Mahindra Bank Ltd.,Kotakbank,Financial Services,Eq,1645.0,1679.5,1636.0,1661.1,1678.0,16.9,1.02,2300514.0,3822234996.0,2253.0,1626.0,-2.62,-10.06
Kpit Technologies Ltd.,Kpittech,Information Technology,Eq,512.0,514.95,495.4,517.65,500.9,-16.75,-3.24,940281.0,471738977.7,801.0,245.2,99.33,-2.39
K.P.R. Mill Ltd.,Kprmill,Textiles,Eq,516.0,516.4,506.5,515.65,508.5,-7.15,-1.39,121702.0,62085058.28,769.0,304.0,-66.13,-17.94
Krbl Ltd.,Krbl,Fast Moving Consumer Goods,Eq,217.0,218.8,215.3,217.85,216.7,-1.15,-0.53,62909.0,13657543.9,337.95,184.5,-7.49,-0.86
L&T Finance Holdings Ltd.,L&Tfh,Financial Services,Eq,67.0,68.95,66.3,67.6,68.8,1.7,2.53,3855009.0,260752808.8,95.95,58.5,-27.23,-10.82
Latent View Analytics Ltd.,Latentview,Information Technology,Eq,332.0,336.8,330.3,333.95,335.15,1.2,0.36,212311.0,70890642.9,754.9,305.25,-11.06,-16.67
Laurus Labs Ltd.,Lauruslabs,Healthcare,Eq,464.0,467.1,459.5,464.7,466.8,2.1,0.45,443092.0,205311109.1,723.75,436.8,-32.52,-18.11
Lic Housing Finance Ltd.,Lichsgfin,Financial Services,Eq,326.9,339.25,319.9,327.35,337.0,9.65,2.95,2366258.0,784012263.1,476.55,291.75,-30.35,-13.4
Macrotech Developers Ltd.,Lodha,Realty,Eq,1060.05,1070.95,1045.0,1069.0,1068.7,-0.3,-0.03,39067.0,41512984.87,1539.0,645.0,56.37,10.41
Larsen & Toubro Ltd.,Lt,Construction,Eq,1560.95,1576.0,1534.6,1558.25,1571.8,13.55,0.87,1294305.0,2016255386.0,2078.55,1456.35,3.85,-5.82
Lupin Ltd.,Lupin,Healthcare,Eq,613.1,630.55,608.7,610.95,627.3,16.35,2.68,908035.0,561083906.9,1191.55,583.0,-46.83,-1.24
Laxmi Organic Industries Ltd.,Lxchem,Chemicals,Eq,283.0,287.35,280.6,284.65,287.0,2.35,0.83,338168.0,96235849.44,628.0,219.6,29.18,-22.65
Mahindra & Mahindra Ltd.,M&M,Automobile And Auto Components,Eq,1092.4,1113.35,1064.0,1093.15,1107.0,13.85,1.27,2839545.0,3101862167.0,1121.45,671.15,40.56,5.68
Mahindra & Mahindra Financial Services Ltd.,M&Mfin,Financial Services,Eq,176.05,179.7,171.05,175.4,177.2,1.8,1.03,2173337.0,380899042.6,206.35,128.0,11.65,-1.63
Bank Of Maharashtra,Mahabank,Financial Services,Eq,15.6,15.7,15.5,15.55,15.65,0.1,0.64,892261.0,13910348.99,26.3,15.0,-38.78,-11.9
Mahindra Cie Automotive Ltd.,Mahindcie,Automobile And Auto Components,Eq,233.0,233.1,226.1,233.1,229.95,-3.15,-1.35,276850.0,63426335.0,312.0,163.95,-1.89,19.63
Mahindra Logistics Ltd.,Mahlog,Services,Eq,474.0,474.0,455.0,471.65,461.0,-10.65,-2.26,17972.0,8287068.92,821.0,391.1,-14.55,2.67
C.E. Info Systems Ltd.,Mapmyindia,Information Technology,Eq,1399.9,1421.25,1373.2,1411.9,1407.0,-4.9,-0.35,83012.0,116391955.3,1917.4,1128.8,-11.06,6.27
Marico Ltd.,Marico,Fast Moving Consumer Goods,Eq,478.0,493.0,477.6,477.9,492.0,14.1,2.95,846365.0,411604226.8,607.7,455.65,-9.97,-10.45
Max Healthcare Institute Ltd.,Maxhealth,Healthcare,Eq,364.6,367.05,357.0,366.95,360.05,-6.9,-1.88,326670.0,118052004.6,458.05,250.6,44.18,-3.52
Mazagoan Dock Shipbuilders Ltd.,Mazdock,Capital Goods,Eq,246.7,249.95,241.55,246.25,249.1,2.85,1.16,68727.0,16861482.18,342.4,221.1,1.34,-11.02
United Spirits Ltd.,Mcdowell-N,Fast Moving Consumer Goods,Eq,760.5,791.5,754.05,759.75,787.1,27.35,3.6,2124003.0,1649755610.0,1019.95,629.1,14.83,-6.13
Multi Commodity Exchange Of India Ltd.,Mcx,Financial Services,Eq,1305.95,1324.45,1275.5,1307.95,1282.95,-25.0,-1.91,433916.0,564494341.9,2135.0,1143.0,-14.04,-4.64
Medplus Health Services Ltd.,Medplus,Consumer Services,Eq,770.0,770.0,750.0,767.3,750.1,-17.2,-2.24,10669.0,8052107.68,1343.0,708.0,-11.06,-11.22
Metro Brands Ltd.,Metrobrand,Consumer Durables,Eq,600.0,631.25,600.0,598.75,617.5,18.75,3.13,582857.0,359389626.2,673.0,426.0,-11.06,0.39
Metropolis Healthcare Ltd.,Metropolis,Healthcare,Eq,1400.0,1439.95,1397.05,1406.45,1435.1,28.65,2.04,100318.0,142381337.4,3579.9,1378.05,-50.4,-12.98
Max Financial Services Ltd.,Mfsl,Financial Services,Eq,782.35,808.4,772.15,782.35,802.2,19.85,2.54,320516.0,254855092.2,1148.05,696.5,-26.22,-1.55
Mahanagar Gas Ltd.,Mgl,Oil Gas & Consumable Fuels,Eq,760.55,771.0,757.05,760.6,770.7,10.1,1.33,170132.0,130261565.8,1212.0,665.8,-33.08,0.56
Mahindra Holidays & Resorts India Ltd.,Mhril,Consumer Services,Eq,213.5,231.0,211.1,214.4,227.0,12.6,5.88,1395618.0,315423624.2,274.9,165.43,-14.26,-3.01
Minda Industries Ltd.,Mindaind,Automobile And Auto Components,Eq,925.0,947.0,900.0,923.15,943.7,20.55,2.23,178456.0,167143674.2,1257.4,629.15,44.15,0.09
Mmtc Ltd.,Mmtc,Services,Eq,39.4,40.35,38.9,39.2,39.35,0.15,0.38,1476769.0,58435749.33,64.7,31.0,-30.74,-4.51
Moil Ltd.,Moil,Metals & Mining,Eq,141.6,142.9,140.7,140.1,141.85,1.75,1.25,95406.0,13533341.1,201.9,137.3,-27.13,-13.01
Motilal Oswal Financial Services Ltd.,Motilalofs,Financial Services,Eq,754.1,766.0,745.0,766.5,753.3,-10.2,-1.34,27524.0,20773739.0,1188.0,714.0,-2.22,-3.33
Mtar Technologies Ltd.,Mtartech,Capital Goods,Eq,1279.0,1279.0,1238.95,1271.25,1241.0,-30.25,-2.38,104163.0,130305829.7,2563.3,1010.95,12.78,-10.9
Muthoot Finance Ltd.,Muthootfin,Financial Services,Eq,980.0,1048.3,977.1,976.3,1039.8,63.5,6.5,1982052.0,2016083833.0,1721.95,960.4,-34.11,-14.59
Nippon Life India Asset Management Ltd.,Nam-India,Financial Services,Eq,270.6,273.9,269.05,271.25,272.0,0.75,0.28,205261.0,55794045.02,476.45,259.0,-25.93,-4.49
Natco Pharma Ltd.,Natcopharm,Healthcare,Eq,652.0,653.0,642.7,649.8,647.0,-2.8,-0.43,48437.0,31447237.88,1189.0,607.75,-42.46,-5.96
Nazara Technologies Ltd.,Nazara,Media Entertainment & Publication,Eq,670.0,676.9,638.3,671.4,649.9,-21.5,-3.2,302182.0,197974537.3,1678.0,475.05,-55.68,-44.79
Nbcc (India) Ltd.,Nbcc,Construction,Eq,28.5,28.8,28.1,28.4,28.8,0.4,1.41,1801802.0,51189194.82,55.5,26.55,-47.36,-15.35
Ncc Ltd.,Ncc,Construction,Eq,54.05,55.95,53.1,54.1,55.2,1.1,2.03,2281956.0,124389421.6,98.5,52.2,-37.71,-16.19
Nesco Ltd.,Nesco,Services,Eq,550.0,555.5,545.6,550.85,553.6,2.75,0.5,12047.0,6631150.68,696.8,501.95,-9.09,1.71
Network18 Media & Investments Ltd.,Network18,Media Entertainment & Publication,Eq,68.2,68.75,66.5,69.0,67.45,-1.55,-2.25,1455769.0,98468215.16,117.5,46.0,37.86,-8.61
Narayana Hrudayalaya Ltd.,Nh,Healthcare,Eq,634.1,644.35,631.5,632.55,640.0,7.45,1.18,50400.0,32060448.0,777.0,468.3,28.5,-3.38
The New India Assurance Company Ltd.,Niacl,Financial Services,Eq,79.8,80.6,78.15,79.8,78.9,-0.9,-1.13,289192.0,22805681.12,178.4,78.15,-52.95,-21.26
Nlc India Ltd.,Nlcindia,Power,Eq,63.6,64.25,61.6,63.65,62.75,-0.9,-1.41,2402689.0,150240143.2,92.4,49.8,4.26,-15.64
Nocil Ltd.,Nocil,Chemicals,Eq,253.75,254.5,244.35,253.2,247.7,-5.5,-2.17,373166.0,92500388.08,321.3,190.7,16.92,3.54
Nuvoco Vistas Corporation Ltd.,Nuvoco,Construction Materials,Eq,299.0,307.4,292.5,296.85,305.0,8.15,2.75,150042.0,44912071.86,577.9,260.25,-11.06,-1.54
Fsn E-Commerce Ventures Ltd.,Nykaa,Consumer Services,Eq,1399.8,1420.0,1381.4,1406.95,1405.05,-1.9,-0.14,143804.0,201378807.5,2573.7,1207.5,-11.06,-5.86
Oberoi Realty Ltd.,Oberoirlty,Realty,Eq,734.35,751.0,731.35,737.65,740.25,2.6,0.35,563385.0,418724633.6,1051.9,605.5,17.14,-8.45
Orient Electric Ltd.,Orientelec,Consumer Durables,Eq,272.3,274.95,265.1,272.05,274.3,2.25,0.83,43089.0,11637477.12,408.0,244.0,-13.24,-2.79
One 97 Communications Ltd.,Paytm,Financial Services,Eq,672.9,675.7,652.0,675.7,657.7,-18.0,-2.66,3069693.0,2027839196.0,1955.0,510.05,-11.06,3.48
Pcbl Ltd.,Pcbl,Chemicals,Eq,104.0,106.4,103.05,104.75,104.0,-0.75,-0.72,547189.0,57274272.63,138.65,89.0,-11.06,-0.76
Piramal Enterprises Ltd.,Pel,Financial Services,Eq,1661.5,1682.9,1626.3,1655.7,1672.0,16.3,0.98,536946.0,887040161.5,3014.95,1560.1,-30.96,-12.63
Petronet Lng Ltd.,Petronet,Oil Gas & Consumable Fuels,Eq,215.3,222.4,214.8,217.3,220.6,3.3,1.52,2021428.0,439842518.5,243.55,190.25,-3.76,-4.23
Power Finance Corporation Ltd.,Pfc,Financial Services,Eq,104.3,106.1,103.2,104.45,105.9,1.45,1.39,2843672.0,298670870.2,153.75,97.1,-18.91,-6.2
Phoenix Mills Ltd.,Phoenixltd,Realty,Eq,1183.7,1214.0,1162.8,1183.7,1173.05,-10.65,-0.9,172501.0,205640167.1,1244.95,793.4,45.21,1.44
Pnb Housing Finance Ltd.,Pnbhousing,Financial Services,Eq,329.55,329.55,324.65,330.3,327.55,-2.75,-0.83,59692.0,19533610.08,784.4,311.45,-11.06,1.55
Pnc Infratech Ltd.,Pncinfra,Construction,Eq,243.0,243.0,236.05,242.15,237.65,-4.5,-1.86,90779.0,21687103.1,395.9,219.0,-16.05,-1.16
Pb Fintech Ltd.,Policybzr,Financial Services,Eq,571.95,603.0,571.4,572.95,585.05,12.1,2.11,543062.0,322052057.9,1470.0,540.1,-11.06,-13.67
Poly Medicure Ltd.,Polymed,Healthcare,Eq,750.9,769.15,729.4,750.85,738.95,-11.9,-1.58,23654.0,17687988.12,1094.25,651.1,-26.14,0.14
Poonawalla Fincorp Ltd.,Poonawalla,Financial Services,Eq,227.5,232.0,224.1,227.7,230.45,2.75,1.21,2033688.0,465165456.2,343.8,140.75,-11.06,-12.24
Praj Industries Ltd.,Prajind,Capital Goods,Eq,364.9,364.9,357.4,363.9,358.5,-5.4,-1.48,207864.0,74752051.68,448.0,289.05,-11.06,6.17
Prestige Estates Projects Ltd.,Prestige,Realty,Eq,385.0,391.75,381.1,387.15,387.4,0.25,0.06,209983.0,81070236.64,554.9,284.0,33.71,-9.79
Prince Pipes And Fittings Ltd.,Princepipe,Capital Goods,Eq,593.15,603.0,590.15,598.15,594.5,-3.65,-0.61,51385.0,30605933.7,897.0,549.3,-16.74,-4.99
Privi Speciality Chemicals Ltd.,Priviscl,Chemicals,Eq,1075.75,1076.0,1040.0,1087.3,1072.0,-15.3,-1.41,16783.0,17740470.15,2249.0,1015.3,-2.0,-6.87
Prism Johnson Ltd.,Prsmjohnsn,Construction Materials,Eq,107.95,108.45,106.1,107.95,107.5,-0.45,-0.42,24056.0,2587222.8,160.0,96.65,-17.34,-6.01
Quess Corp Ltd.,Quess,Services,Eq,613.5,613.5,592.1,613.65,598.5,-15.15,-2.47,76594.0,46016143.32,989.9,527.4,-24.98,-12.84
Radico Khaitan Ltd,Radico,Fast Moving Consumer Goods,Eq,872.0,898.9,860.25,872.5,871.85,-0.65,-0.07,257073.0,226039147.4,1294.0,723.2,14.94,8.47
Railtel Corporation Of India Ltd.,Railtel,Telecommunication,Eq,91.15,91.65,90.7,91.1,91.05,-0.05,-0.05,162424.0,14801699.12,150.4,84.0,-35.57,-6.28
Rain Industries Ltd,Rain,Chemicals,Eq,145.5,149.55,144.1,146.5,148.75,2.25,1.54,946679.0,139067145.1,272.75,128.6,-24.74,-12.85
Rajesh Exports Ltd.,Rajeshexpo,Consumer Durables,Eq,622.0,630.85,615.0,625.4,621.0,-4.4,-0.7,128888.0,79999492.72,994.7,518.5,10.77,15.46
Rallis India Ltd.,Rallis,Chemicals,Eq,189.0,189.6,186.35,188.65,188.8,0.15,0.08,219820.0,41279997.8,341.85,182.5,-41.94,-5.77
The Ramco Cements Ltd.,Ramcocem,Construction Materials,Eq,634.0,648.95,613.75,636.8,646.0,9.2,1.44,327788.0,209502422.3,1132.7,575.65,-37.92,-8.87
Ratnamani Metals & Tubes Ltd.,Ratnamani,Capital Goods,Eq,1634.05,1659.7,1553.55,1654.4,1580.0,-74.4,-4.5,107552.0,170150490.6,1913.7,1237.07,-19.33,-37.18
Restaurant Brands Asia Ltd.,Rba,Consumer Services,Eq,112.0,113.05,108.85,111.0,109.7,-1.3,-1.17,978252.0,108732709.8,189.7,86.5,-11.06,14.2
Rashtriya Chemicals & Fertilizers Ltd.,Rcf,Chemicals,Eq,77.95,78.7,76.1,78.15,78.7,0.55,0.7,1110880.0,86082091.2,112.65,66.0,-6.52,-18.34
Redington (India) Ltd.,Redington,Services,Eq,125.0,128.0,122.6,125.55,127.4,1.85,1.47,1081859.0,135340560.9,179.2,109.4,-53.05,-3.42
Relaxo Footwears Ltd.,Relaxo,Consumer Durables,Eq,961.0,979.0,960.1,963.85,970.45,6.6,0.68,41820.0,40657822.2,1448.0,925.0,-16.33,-2.75
Rhi Magnesita India Ltd.,Rhim,Capital Goods,Eq,502.5,513.95,497.65,501.5,501.95,0.45,0.09,165626.0,83506972.94,674.0,317.3,-11.06,-6.55
Rites Ltd.,Rites,Construction,Eq,234.0,235.15,232.25,234.85,234.95,0.1,0.04,29804.0,6981288.96,317.9,226.2,-14.96,-4.78
Rossari Biotech Ltd.,Rossari,Chemicals,Eq,880.8,882.0,850.4,873.05,874.8,1.75,0.2,20002.0,17471947.02,1619.0,795.1,-26.84,0.05
Route Mobile Ltd.,Route,Telecommunication,Eq,1242.0,1290.0,1241.05,1242.85,1267.0,24.15,1.94,655866.0,830962546.0,2389.0,1052.0,-27.88,-10.73
Rattanindia Enterprises Ltd.,Rtnindia,Services,Eq,43.0,43.2,41.2,42.4,41.75,-0.65,-1.53,622861.0,26029361.19,71.0,30.5,-11.06,-13.91
Rail Vikas Nigam Ltd.,Rvnl,Construction,Eq,30.1,30.25,29.8,30.0,30.0,0.75,0.455,763473.0,22896555.27,44.8,27.5,-10.98,-7.41
Sapphire Foods India Ltd.,Sapphire,Consumer Services,Eq,1084.0,1104.0,1070.45,1085.0,1086.0,1.0,0.09,145969.0,157913643.3,1540.0,909.0,-11.06,2.09
Saregama India Ltd,Saregama,Media Entertainment & Publication,Eq,362.9,368.95,353.65,361.95,359.95,-2.0,-0.55,120158.0,43447931.22,550.59,295.3,-11.06,-16.26
Sbi Cards And Payment Services Ltd.,Sbicard,Financial Services,Eq,767.8,777.55,763.75,768.25,771.85,3.6,0.47,1073345.0,829083878.4,1165.0,655.7,-20.83,-1.51
Sbi Life Insurance Company Ltd.,Sbilife,Financial Services,Eq,1085.45,1105.35,1075.0,1081.6,1100.25,18.65,1.72,696341.0,760118872.2,1293.25,996.05,7.29,-7.88
Shipping Corporation Of India Ltd.,Sci,Services,Eq,97.25,98.0,95.75,97.65,96.85,-0.8,-0.82,367655.0,35618416.4,160.2,85.6,-11.79,-17.42
Sequent Scientific Ltd.,Sequent,Healthcare,Eq,93.55,93.55,91.2,92.85,93.0,0.15,0.16,625299.0,57690085.74,328.7,82.0,-70.32,-15.78
Shilpa Medicare Ltd.,Shilpamed,Healthcare,Eq,389.35,398.0,381.0,389.35,397.75,8.4,2.16,69762.0,27260896.74,670.4,380.0,-27.78,-10.37
Shyam Metalics And Energy Ltd.,Shyammetl,Metals & Mining,Eq,282.0,282.45,275.7,280.45,277.0,-3.45,-1.23,62789.0,17444667.87,461.15,273.1,-24.12,-10.36
Sis Ltd.,Sis,Services,Eq,456.0,456.0,449.8,453.9,452.0,-1.9,-0.42,29489.0,13327553.55,560.0,420.0,5.56,-3.31
Sjvn Ltd.,Sjvn,Power,Eq,26.8,27.55,26.7,26.9,27.4,0.5,1.86,834442.0,22588344.94,33.75,25.35,-3.58,-2.36
Sobha Ltd.,Sobha,Realty,Eq,569.0,577.9,551.3,577.05,555.0,-22.05,-3.82,338751.0,191191064.4,1044.95,462.0,22.5,4.99
Solara Active Pharma Sciences Ltd.,Solara,Healthcare,Eq,350.0,354.55,341.0,352.3,346.0,-6.3,-1.79,56960.0,19701324.8,1827.0,320.0,-79.09,-15.14
Sona Blw Precision Forgings Ltd.,Sonacoms,Automobile And Auto Components,Eq,551.1,570.0,547.0,553.8,569.0,15.2,2.74,352045.0,197391631.5,839.9,333.25,61.79,-0.65
Sonata Software Ltd.,Sonatsoftw,Information Technology,Eq,669.45,671.95,655.0,669.45,655.0,-14.45,-2.16,57392.0,38285055.36,1024.9,610.1,-10.36,-2.29
Sun Pharma Advanced Research Company Ltd.,Sparc,Healthcare,Eq,209.1,209.7,202.35,209.1,204.0,-5.1,-2.44,145955.0,29906179.5,349.0,170.45,-8.99,-5.94
Spicejet Ltd.,Spicejet,Services,Eq,37.9,39.5,37.7,38.15,39.05,0.9,2.36,2091895.0,81416553.4,87.3,37.15,-52.9,-19.6
Shriram Transport Finance Co. Ltd.,Srtransfin,Financial Services,Eq,1266.2,1274.8,1238.5,1281.35,1264.0,-17.35,-1.35,1071657.0,1348476720.0,1696.4,1002.0,-4.57,8.94
Strides Pharma Science Ltd.,Star,Healthcare,Eq,325.05,340.0,325.05,330.7,337.0,6.3,1.91,632891.0,210695742.8,818.0,263.35,-56.45,-0.54
Star Health And Allied Insurance Company Ltd.,Starhealth,Financial Services,Eq,490.0,490.0,469.05,488.7,475.9,-12.8,-2.62,1600279.0,758932315.8,940.0,469.05,-11.06,-28.43
Sterlite Technologies Ltd.,Stltech,Telecommunication,Eq,148.5,150.1,145.05,148.45,147.5,-0.95,-0.64,374778.0,55276007.22,318.0,135.5,-43.85,-14.71
Sudarshan Chemical Industries Ltd.,Sudarschem,Chemicals,Eq,419.25,423.8,416.8,419.25,420.0,0.75,0.18,25363.0,10650684.59,794.0,402.0,-38.37,-8.27
Sumitomo Chemical India Ltd.,Sumichem,Chemicals,Eq,424.15,425.95,420.95,424.15,422.75,-1.4,-0.33,84550.0,35780714.5,492.0,344.25,9.81,-8.49
Sundram Fasteners Ltd.,Sundrmfast,Automobile And Auto Components,Eq,724.0,752.0,718.45,724.9,747.0,22.1,3.05,46481.0,34167253.48,993.7,673.05,-10.36,-7.08
Sun Pharmaceutical Industries Ltd.,Sunpharma,Healthcare,Eq,829.9,836.95,825.0,830.6,830.8,0.2,0.02,2316527.0,1921188502.0,967.05,664.2,22.97,-3.49
Sunteck Realty Ltd.,Sunteck,Realty,Eq,498.3,514.0,491.55,496.55,511.0,14.45,2.91,1770328.0,895184056.5,589.9,292.05,68.87,9.73
Sun Tv Network Ltd.,Suntv,Media Entertainment & Publication,Eq,413.8,425.7,411.85,412.55,423.5,10.95,2.65,2838077.0,1191935578.0,612.0,402.55,-22.12,-7.4
Suprajit Engineering Ltd.,Suprajit,Automobile And Auto Components,Eq,330.05,339.75,326.0,332.45,337.25,4.8,1.44,108993.0,36269600.61,474.9,272.05,17.81,-1.79
Suven Pharmaceuticals Ltd.,Suvenphar,Healthcare,Eq,460.0,465.0,457.7,462.3,460.1,-2.2,-0.48,46758.0,21604066.32,631.75,425.7,-3.68,-7.53
Sterling And Wilson Renewable Energy Ltd.,Swsolar,Construction,Eq,294.8,300.0,290.1,296.6,298.5,1.9,0.64,97483.0,28705819.01,509.1,248.1,9.02,-9.71
Symphony Ltd.,Symphony,Consumer Durables,Eq,876.95,879.5,855.05,876.7,865.5,-11.2,-1.28,180991.0,156613322.2,1215.0,828.0,-14.78,-12.71
Syngene International Ltd.,Syngene,Healthcare,Eq,550.0,564.1,544.8,554.75,563.0,8.25,1.49,135870.0,75301871.4,700.0,510.05,-4.89,-3.1
Tanla Platforms Ltd.,Tanla,Information Technology,Eq,998.0,1004.0,980.3,1004.65,1002.0,-2.65,-0.26,160015.0,159008505.7,2096.75,780.0,-11.06,-24.38
Tata Chemicals Ltd.,Tatachem,Chemicals,Eq,791.0,804.9,773.35,793.35,800.0,6.65,0.84,770388.0,605756084.4,1158.0,719.3,9.61,-16.36
Tata Coffee Ltd.,Tatacoffee,Fast Moving Consumer Goods,Eq,193.9,199.0,192.25,193.9,198.25,4.35,2.24,568731.0,111198285.1,254.4,178.6,3.33,-6.58
Tata Communications Ltd.,Tatacomm,Telecommunication,Eq,917.45,937.4,908.9,914.25,931.0,16.75,1.83,283046.0,261489216.6,1591.95,856.25,-28.97,-7.19
Tata Consumer Products Ltd.,Tataconsum,Fast Moving Consumer Goods,Eq,700.0,722.95,697.0,706.35,721.5,15.15,2.14,954981.0,679086989.1,889.0,650.2,-6.37,-7.03
Tata Investment Corporation Ltd.,Tatainvest,Financial Services,Eq,1343.5,1343.5,1331.0,1342.15,1340.0,-2.15,-0.16,8592.0,11485270.08,1733.9,1118.0,18.73,-12.22
Tata Motors Ltd Dvr,Tatamtrdvr,Automobile And Auto Components,Eq,197.7,198.65,192.0,197.8,198.25,0.45,0.23,1610634.0,314927266.0,298.65,129.15,27.45,-7.16
Tata Steel Long Products Ltd.,Tatastllp,Capital Goods,Eq,575.0,582.95,564.7,575.6,581.0,5.4,0.94,10870.0,6187856.2,1173.0,534.0,-11.06,-12.96
Tci Express Ltd.,Tciexp,Services,Eq,1580.0,1624.85,1580.0,1594.4,1590.25,-4.15,-0.26,31026.0,49884223.32,2572.0,1280.0,10.8,-1.5
Tcns Clothing Co. Ltd.,Tcnsbrands,Textiles,Eq,537.0,543.7,526.9,530.8,537.0,6.2,1.17,20185.0,10831069.15,932.0,494.1,-8.98,-10.98
Tech Mahindra Ltd.,Techm,Information Technology,Eq,997.0,1014.0,989.3,1000.0,1011.25,11.25,1.13,1842102.0,1848880935.0,1838.0,943.7,-8.71,-15.27
Thyrocare Technologies Ltd.,Thyrocare,Healthcare,Eq,622.9,627.0,613.2,621.05,617.8,-3.25,-0.52,33220.0,20545573.4,1374.9,613.2,-52.69,-5.85
Torrent Power Ltd.,Torntpower,Power,Eq,451.0,460.6,449.4,451.65,460.6,8.95,1.98,220456.0,100386844.2,606.55,415.25,-1.84,-0.96
Trent Ltd.,Trent,Consumer Services,Eq,1074.15,1088.1,1059.1,1074.15,1078.0,3.85,0.36,555368.0,595593304.2,1346.85,838.0,26.39,-4.44
Trident Ltd.,Trident,Textiles,Eq,38.65,38.8,37.65,38.7,38.2,-0.5,-1.29,2633568.0,100365276.5,70.35,16.3,136.7,-18.87
Triveni Turbine Ltd.,Triturbine,Capital Goods,Eq,154.15,157.65,154.05,156.35,156.6,0.25,0.16,126459.0,19678284.99,231.7,107.1,26.8,-8.19
Triveni Engineering & Industries Ltd.,Triveni,Fast Moving Consumer Goods,Eq,237.0,237.0,225.7,236.45,229.7,-6.75,-2.85,543017.0,124758155.8,374.5,159.45,22.77,-19.19
Ttk Prestige Ltd.,Ttkprestig,Consumer Durables,Eq,828.0,833.4,816.95,830.75,830.0,-0.75,-0.09,17948.0,14811048.56,1264.65,744.7,-91.14,-0.14
Tata Teleservices (Maharashtra) Ltd.,Ttml,Telecommunication,Eq,121.4,122.7,118.5,121.1,119.4,-1.7,-1.4,2252618.0,269660900.8,290.15,32.75,-11.06,-3.43
Tvs Motor Company Ltd.,Tvsmotor,Automobile And Auto Components,Eq,837.5,886.3,827.3,841.95,836.05,-5.9,-0.7,3263584.0,2765887440.0,886.3,495.0,35.69,14.31
United Breweries Ltd.,Ubl,Fast Moving Consumer Goods,Eq,1453.8,1509.0,1440.0,1452.8,1501.95,49.15,3.38,174055.0,256786822.6,1785.8,1274.5,0.45,-5.81
Uco Bank,Ucobank,Financial Services,Eq,11.0,11.2,10.75,10.95,11.05,0.1,0.91,1157345.0,12707648.1,15.9,10.55,-27.96,-5.6
Uflex Ltd.,Uflex,Capital Goods,Eq,580.6,583.0,568.05,580.6,579.0,-1.6,-0.28,59052.0,34016314.08,719.0,427.0,2.08,-5.34
Union Bank Of India,Unionbank,Financial Services,Eq,34.4,34.65,34.0,34.25,34.55,0.3,0.88,2376699.0,81520775.7,54.8,32.7,-11.15,-9.51
Upl Ltd.,Upl,Chemicals,Eq,630.0,646.0,621.95,632.4,642.85,10.45,1.65,3575548.0,2276015079.0,852.4,607.5,-20.24,-18.88
Uti Asset Management Company Ltd.,Utiamc,Financial Services,Eq,643.0,643.0,628.05,645.9,640.0,-5.9,-0.91,46115.0,29270573.95,1216.2,595.0,-24.34,-5.71
Vaibhav Global Ltd.,Vaibhavgbl,Consumer Services,Eq,301.0,306.95,287.9,299.9,303.0,3.1,1.03,131705.0,39561547.9,860.0,287.9,-62.43,-10.68
Vakrangee Ltd.,Vakrangee,Information Technology,Eq,26.75,27.5,26.15,26.75,26.7,-0.05,-0.19,2363491.0,62963400.24,47.2,23.55,-35.93,-6.47
Varroc Engineering Ltd.,Varroc,Automobile And Auto Components,Eq,300.5,307.45,295.1,299.7,305.1,5.4,1.8,134195.0,40414166.2,493.85,260.0,-18.37,-12.87
Varun Beverages Ltd.,Vbl,Fast Moving Consumer Goods,Eq,790.0,809.0,786.2,790.55,790.0,-0.55,-0.07,951574.0,759584429.8,809.0,472.67,8.35,-25.17
V-Guard Industries Ltd.,Vguard,Consumer Durables,Eq,224.2,226.75,217.1,225.2,218.5,-6.7,-2.98,212688.0,47031697.44,274.8,181.0,-15.07,-3.88
Vijaya Diagnostic Centre Ltd.,Vijaya,Healthcare,Eq,333.2,361.0,331.55,333.2,351.25,18.05,5.42,203583.0,71673430.98,672.0,295.0,-11.06,-8.26
V.I.P. Industries Ltd.,Vipind,Consumer Durables,Eq,626.5,631.8,606.4,626.5,618.9,-7.6,-1.21,125113.0,77473722.99,774.6,374.0,56.41,8.04
Voltas Ltd.,Voltas,Consumer Durables,Eq,949.8,969.65,938.1,972.4,959.0,-13.4,-1.38,1129398.0,1079952956.0,1356.9,922.55,-4.9,-4.48
Vardhman Textiles Ltd.,Vtl,Textiles,Eq,265.45,273.25,262.1,265.05,272.95,7.9,2.98,431463.0,115235138.0,2880.0,245.5,-80.62,-7.58
Welspun Corp Ltd.,Welcorp,Capital Goods,Eq,217.0,221.55,213.1,218.85,214.65,-4.2,-1.92,880477.0,190852194.5,250.65,105.85,52.94,-3.29
Welspun India Ltd.,Welspunind,Textiles,Eq,69.6,70.4,68.15,69.45,69.9,0.45,0.65,1174496.0,81275123.2,170.7,62.2,-27.96,6.27
Westlife Development Ltd.,Westlife,Consumer Services,Eq,498.0,508.0,490.05,497.3,491.0,-6.3,-1.27,50304.0,25038816.0,629.0,402.3,-0.46,9.25
Whirlpool Of India Ltd.,Whirlpool,Consumer Durables,Eq,1552.0,1579.8,1538.5,1560.85,1560.0,-0.85,-0.05,62441.0,97504743.55,2550.0,1365.1,-30.18,-4.9
Wockhardt Ltd.,Wockpharma,Healthcare,Eq,206.95,208.8,205.15,208.55,207.0,-1.55,-0.74,375081.0,77671773.48,592.0,205.15,-59.74,-19.34
Zee Entertainment Enterprises Ltd.,Zeel,Media Entertainment & Publication,Eq,213.0,215.85,210.6,214.1,215.5,1.4,0.65,4131369.0,880807870.8,378.7,166.8,-0.3,-15.33
Zensar Technolgies Ltd.,Zensartech,Information Technology,Eq,273.15,273.55,268.4,272.1,270.0,-2.1,-0.77,186578.0,50467483.22,587.0,246.65,-12.61,-11.02
Zydus Lifesciences Ltd.,Zyduslife,Healthcare,Eq,356.9,364.05,354.3,357.0,364.0,7.0,1.96,862373.0,310014469.8,651.9,319.0,-11.06,-5.64
Zydus Wellness Ltd.,Zyduswell,Fast Moving Consumer Goods,Eq,1635.0,1635.0,1605.0,1636.85,1627.0,-9.85,-0.6,10803.0,17495674.56,2476.85,1430.0,-22.08,6.25
